# Exact Wayland/XWayland class (not process name), destination workspace number.
# 1 main, 2 work, 3 search, 4 notes, 5 chat, 6 mail, 7 others, 8 terminals, 9 gaming.
code	2
code-oss	2
firefox	3
brave-browser	3
obsidian	4
md.obsidian.Obsidian	4
kate	2
org.kde.kate	2
org.gnome.TextEditor	4
Discord	5
discord	5
Brave-Discord	5
brave-discord.com__channels_@me-Default	5
TelegramDesktop	5
Spotify	7
spotify	7
Brave-Spotify	7
brave-open.spotify.com__-Default	7
org.kde.kmail2	6
kmail	6
Brave-Gmail	6
brave-mail.google.com__-Default	6
org.kde.merkuro.calendar	6
merkuro-calendar	6
thunderbird	6
geary	6
org.gnome.Geary	6
evolution	6
kitty	8
konsole	8
org.kde.konsole	8
Alacritty	8
steam	9
heroic	9
lutris	9
net.lutris.Lutris	9
faugus-launcher	9
io.github.Faugus.faugus-launcher	9
Albion-Online	9
vortex.exe	9
